<?xml version="1.0" encoding="utf-8"?>
<resources>
	<string name="direction">19</string>
	<string name="direction_ios">0</string>
	<string name="loading">Loading data...</string>
	<string name="apply">Appling...</string>
	<string name="error_net_title">Error in connect to net</string>
	<string name="btnsetting">Setting</string>
	<string name="btnretry">Retry</string>
	<string name="error_again_net">Internet is still disconnect</string>
	<string name="return_category">Back to previous</string>
	<string name="search_title">Search product</string>
	<string name="ratetitle">Rate Product</string>
	<string name="statetitle">State :</string>
	<string name="producertitle">Producer :</string>
	<string name="datetitle">Publish Date :</string>
	<string name="modeltitle">Model :</string>
	<string name="visitcount">Visit count :</string>
	<string name="review">Add Review[0]</string>
	<string name="share">Share</string>
	<string name="share_all">Share outapp link</string>
	<string name="share_inapp">Share inapp link</string>
	<string name="add_bookmark">Add to favorite successfully</string>
	<string name="remove_bookmark">Product remove from favorite</string>
	<string name="add2cart">Add to cart successfully</string>
	<string name="cart">Cart Inbox</string>
	<string name="delete_item_cart">Product removed from cart</string>
	<string name="clear_cart">Clear cart successfully</string>
	<string name="update_cart_count">Update product count in cart successfully</string>
	
	<string name="home">Home</string>
	<string name="bookmark">Favorite</string>
	<string name="register">Register</string>
	<string name="login">Login User</string>
	<string name="featureproduct">Feature Product</string>
	<string name="newproduct">New Product</string>
	<string name="bestproduct">Best Product</string>
	<string name="category">Category</string>
	<string name="contact">Contact us</string>
	<string name="about">Shop Information</string>
	<string name="setting">Setting</string>
	<string name="exit_app">Exit app</string>
	<string name="no_bookmark">Not found any product in favorite</string>
	
	<string name="tname">Please input your name : </string>
	<string name="trate">What is your rate : </string>
	<string name="ttext">Please input message : </string>
	<string name="send">Send!</string>
	<string name="reviews">Review</string>
	<string name="error_data">Please input data\nMessage length should be 25 character</string>
	<string name="success_send">Sent your message successfully</string>
	
	<string name="setting_title">Settings</string>
	<string name="setting_summary">Adjust your app</string>
	<string name="setting_currency">Currency unit</string>
	<string name="setting_currency_summary">Choose shop currency unit</string>
	<string name="cache_image_title">Prevent cache product images for quick run app</string>
	<string name="language">Language</string>
	<string name="language_summary">Select all response and app language</string>
	
	<string name="error_net_details">Please enable internet</string>
	<string name="email">Please input your email :</string>
	<string name="basket_title">Your Cart</string>
	<string name="basket_total">Total Cart :</string>
	<string name="btnclear">Clear Cart</string>
	<string name="btnpayment">Checkout</string>
	<string name="cleared">Your cart is empty!</string>
	<string name="cart_product_count">Quantity :</string>
	<string name="update_count_item">Update cart successfully</string>
	<string name="question_delete_cart">Are you sure to remove this product from cart?</string>
	<string name="deleted_item">Removed product from cart successfully</string>
	<string name="alert">Alert</string>
	<string name="yes">Yes</string>
	<string name="no">No</string>
	
	<string name="password_title">If you wish to change your account password, enter a new password</string>
	<string name="password">Please input your password :</string>
	<string name="phone">Please input your telephone :</string>
	<string name="postal">Please input your postal</string>
	<string name="address1">Please input your address :</string>
	<string name="address2">Input your second address :</string>
	<string name="state">Select your state : </string>
	<string name="city">Please input your city name :</string>
	<string name="lastname">Please input your lastname :</string>
	<string name="success_register">You have successfully signed membership</string>
	<string name="register_newsletter">Subscribe in newsletter</string>
	<string name="login_success">You have successfully login to account</string>
	
	<string name="error_email">Please enter valid email</string>
	<string name="error_firstname">Please enter valid name information</string>
	<string name="error_postcode">Please enter valid postal code</string>
	<string name="error_telephone">Please enter valid telephone</string>
	<string name="error_password">Please enter valid password</string>
	<string name="error_address_1">Please enter valid address</string>
	<string name="error_city">Please choose your city</string>
	<string name="fax">Please enter your fax</string>
	<string name="no_cart">Your cart is empty</string>
	<string name="account">Account</string>
	<string name="already_login">You cannot register new account</string>
	<string name="register_success">You have successfully signed membership</string>
	<string name="logout">Signout</string>
	<string name="success_logout">You have successfully signout</string>
	<string name="forgot">I forgot my password?</string>
	<string name="send_forgot">New password sent to your email successfully</string>
	<string name="recover_pass">Recovery Password</string>
	<string name="send_pass">Send</string>
	<string name="login_force">For enable capability app,you should be login</string>
	<string name="add_coupon">Added coupon to cart successfully</string>
	<string name="coupons">My used coupons</string>
	<string name="no_coupon">Not found this code in shop</string>
	<string name="add_reward">Added reward to cart successfully</string>
	<string name="rewards">My used rewards</string>
	<string name="vouchers">My used voucher</string>
	<string name="country">Choose your country :</string>
	<string name="payment">Finish purchase</string>
	<string name="finish">Finish</string>
	<string name="preview_finish">Preview</string>
	<string name="user_choose">Choose your user account</string>
	<string name="guest">Guest User</string>
	<string name="ship_title">Ship Type</string>
	<string name="cancel">Cancel</string>
	<string name="ok">OK</string>
	<string name="new_coupon">Add Coupon</string>
	<string name="enter_coupon">Enter coupon code :</string>
	<string name="noadd2cart">This product cannot add to cart</string>
	<string name="payment_title">Payment Type</string>
	<string name="success_payment">Your order done successfully.Thank you</string>
	<string name="error_payment">Your order encounter with error.try again</string>
	
	<string name="lblname">Firstname :</string>
	<string name="lblfamily">Lastname : </string>
	<string name="lblemail">E-mail :</string>
	<string name="lblphone">Telephone : </string>
	<string name="lblfax">Fax :</string>
	<string name="lbldate">Member date : 0</string>
	<string name="lblip">IP : 0</string>
	<string name="lblpassword">Password : </string>
	<string name="lblpassword2">Confirm Password :</string>
	<string name="save_details">Save Details</string>
	<string name="success_save_details">Data saved successfully</string>
	<string name="error_phone">Please enter telephone 11 digit</string>
	<string name="error_name">Please enter valid firstname and lastname</string>
	<string name="details_user">Details</string>
	<string name="my_address">My Address</string>
	<string name="new_address">New Address</string>
	<string name="success_add_address">Added new address successfully</string>
	<string name="delete_address">Remove</string>
	<string name="deleted_address">Removed address successfully</string>
	<string name="save_password">Save Password</string>
	<string name="error_ships_select">Error : please select ship type</string>
	<string name="error_payment_select">Error : please select payment type</string>
	<string name="error_password2">Error : confirm password is wrong!</string>
	
	<string name="author">Author :</string>
	<string name="date_review">Review Date :</string>
	<string name="body_review">Comment :</string>
	<string name="relat_product">Related Product</string>
	<string name="picture">Picture</string>
	
	<string name="shop_email">E-mail : </string>
	<string name="shop_owner">owner : </string>
	<string name="shop_address">Address : </string>
	<string name="no_comment">No Comment</string>
	<string name="shop_list">Us Shop</string>
	<string name="default_shop">Default choosen shop successfully</string>
	<string name="order_comment">Please enter your order\'s comment</string>
	<string name="order_title">Orders</string>
	<string name="order_id">With number 0 for 1</string>
	<string name="order_state">Status : </string>
	<string name="order_details">Details</string>
	
	<string name="lblordershop_name">From 0</string>
	<string name="lblorderreceiver_title">Buyer Details :</string>
	<string name="lblorderreceiver_name">Buyer : 0</string>
	<string name="lblordercountry">Country : 0</string>
	<string name="lblordercity">City : 0</string>
	<string name="lblorderaddress">Adress : 0</string>
	<string name="lblorderpostal">Postal code : 0</string>
	<string name="lblorderphone">Telephone : 0 </string>
	<string name="lblorderpayment_ship_type">Payment and shipping Method : </string>
	<string name="lblorder_payment_type_title">Payment Method : </string>
	<string name="lblpayment_address_title">Payment Address : </string>
	<string name="lblordership_type_title">Shipping Method : </string>
	<string name="lblship_address_title">Destination Address : </string>
	
	<string name="attribute">Attributes</string>
	<string name="options">Options</string>
	<string name="date_title">Date</string>
	<string name="time_title">Time</string>
	<string name="date_enter">Enter valid date :</string>
	<string name="year">Year : </string>
	<string name="month">Month : </string>
	<string name="day">Day : </string>
	<string name="time_enter">Enter time</string>
	<string name="timedate_enter">Enter valid datetime</string>
	<string name="timedate_title">Datetime</string>
	<string name="choosen_address">Your choosen address set to default</string>
	<string name="add2cartbtn">Add to cart</string>
	<string name="request_state_1"> [ Require ]</string>
	<string name="request_state_0">[ Optional ]</string>
	<string name="edit">Edit</string>
	<string name="manufacture">Manufactures</string>
	<string name="cannot_add_cart">This product need to option to add cart</string>
	
	<string name="tax">Tax : </string>
	<string name="total">Total : </string>
	<string name="ship">Shipping Total : </string>
	<string name="subtotal">Sub Total : </string>
	<string name="arzesh_afzodeh">Value addend : </string>
	<string name="continues">Continue</string>
	
	<string name="choose_address">Please click on address to do action</string>
	<string name="default_address">Default</string>
	<string name="history">History Order</string>
	
	<string name="enter_voucher">Enter voucher code</string>
	<string name="new_voucher">Add Voucher</string>
	<string name="add_voucher">Added voucher to cart successfully</string>
	<string name="no_voucher">Not found voucher id in shop</string>
	
	<string name="users">Users</string>
	<string name="shops">Shop</string>
	<string name="contact_shop">Contact Us</string>
	<string name="shop_inf">Information</string>
	<string name="back">Back</string>
	<string name="no_product">There is not product in store</string>
	<string name="no_stock">No Stock</string>
	<string name="yes_stock">Exist Stock</string>
	
	<string name="filter_button">Filter data</string>
	<string name="filter_sort_item">Filter By :</string>
	<string name="filter_sort_type">Filter Type :</string>
	<string name="filter_desc">Descending</string>
	<string name="filter_asc">Ascending</string>
	<string name="filter_choose_field">Choose field option :</string>
	<string name="filter_comapre">Condition Math :</string>
	<string name="filter_logic">Condition Logic :</string>
	<string name="filter_val">Enter filter value :</string>
	<string name="filter_search">Search</string>
	<string name="filter_error_val">Please enter filter value</string>
	<string name="filter_error_cond">Please choose atleast on condition</string>
	<string name="filter_advance">Filter</string>
	<string name="filter_simple">Simple</string>
	<string name="filter_add">New Cond</string>
	
	<string name="filter_show_field">Field Name : </string>
	<string name="filter_show_operand">Condition Operand : </string>
	<string name="filter_show_val">Condition Value :</string>
	<string name="no_filter">For filter,you should add one condition</string>
	
	<string name="update">Update</string>
	<string name="update_text">Received new version app\nDownload it and update</string>
	<string name="success_update">New version downloaded successfully.You can install it from root sdcard</string>
	
	<string name="help">Help App</string>
	<string name="help_basket">Show basket contain all product that you added it </string>
	<string name="help_search">Search or filter your product easily and explore it</string>
	<string name="help_menu">Sliding menu contain many item for quick accessibility and other capability</string>
	<string name="help_category">Visit all shop category and sub category and listing product</string>
	<string name="help_manufacture">Show all manufacture products with click on it</string>
	<string name="help_add_basket">Add product to cart with one quantity default</string>
	<string name="help_share">Share favorite product between your friends</string>
	<string name="help_bookmark">Add product to favorites list and explore it in menu easily</string>
	<string name="help_barcode">Convert product\'s address to barcode</string>
	<string name="help_review">Get user\'s review and send your review</string>
	<string name="help_attribute">List of product\'s attribute</string>
	<string name="help_factor_print">Print your invoice for current order</string>
	<string name="okay">Ok</string>
	
	<string name="filter_field_category">Category</string>
	<string name="filter_field_quantity">Quantity</string>
	<string name="filter_field_model">Model</string>
	<string name="filter_field_upc">UPC</string>
	<string name="filter_field_name">Title</string>
	<string name="filter_field_date_start">Start Date</string>
	<string name="filter_field_date_end">End Date</string>
	<string name="filter_field_product_id">Product ID</string>
	<string name="filter_field_price">Price</string>
	<string name="filter_field_stock_status">Stock State</string>
	<string name="filter_field_manufacturer">Manufacture</string>
	<string name="filter_field_filter_text">Filter Text</string>
	<string name="filter_field_rating">Rating</string>
	<string name="filter_field_date_added">Added Date</string>
	<string name="filter_field_sort_order">Sort Order</string>
	<string name="no_exist_product">Not exist any product in this category</string>
	<string name="request_register">Register in </string>
	<string name="request_login">login to account</string>
	<string name="reuquest_guest">Checkout as a guest</string>
	<string name="no_attribute">There is no any attribute for this product</string>
	<string name="update_checksum">By referer changelog shop,App updated to new data</string>
	<string name="special_wonderful">Special {r}Offer{r}</string>
	<string name="send_sms">Send sms to confirm order</string>
	<string name="send_order">Your order sent to us</string>
	<string name="deliver_sms">Order deliver to shop manager\nWe calling you soon</string>
	<string name="sure_send_sms">Are you sure to send your order sms to shop manager?</string>
	<string name="adad">Quantity</string>
	<string name="sms_order_comment">Order comment</string>
	<string name="send_request">Send request</string>
	<string name="sms_contact">Contact shop support</string>
	<string name="sms_help">Your order request button will send an SMS to the sales department that is deducted from your account and the number of units to be sent. Experts will contact you as soon as possible to complete the order</string>
	<string name="sms_name">Name and Family</string>
	<string name="again_update">Update again</string>
	<string name="my_product">My Products</string>
	
	<string name="shop_disable">Shop not available now\nPlease retry again</string>
	<string name="no_valid_cart">Your cart is not valid.\nMaybe exist no stock product in your cart</string>
	<string name="share_app">Send app to friends</string>
	<string name="close_product_page">Close this page</string>
	<string name="google_voice">Please command</string>
	
	<string name="subscribe">Subscribe in newsletter</string>
	<string name="unsubscribe">Unsubscribe from newsletter</string>
	<string name="subscribe_success">Subscribed in newsletter successfully</string>
	<string name="unsubscribe_success">Unsubscribed from newsletter successfully</string>
	<string name="scribe_state_0">You are not member in newsletter now</string>
	<string name="scribe_state_1">You are member in newsletter now</string>
	<string name="scribe_change_state">Change State</string>
	
	<string name="return_reason">Reason for return product :</string>
	<string name="return_opened">Do you open product?</string>
	<string name="return_opened_yes">Yes</string>
	<string name="return_opened_no">No</string>
	<string name="return_comment">Extra comment :</string>
	<string name="return_title">Return Product</string>
	<string name="return_button">Return</string>
	<string name="return_success">Product returned successfully</string>
	<string name="return_from">Date 0 for 1</string>
	<string name="return_state">ID 0 and status 1</string>
	<string name="return_menu_profile">Profile</string>
	<string name="return_menu_pass">Password</string>
	<string name="return_menu_orders">Orders</string>
	<string name="return_menu_address">Addresses</string>
	<string name="return_menu_new_address">New Address</string>
	<string name="return_menu_news">Newsletter</string>
	<string name="return_menu_returns">Returns</string>
	
	<string name="return_item_model">Model :</string>
	<string name="return_item_reason">Reason :</string>
	<string name="return_item_lastname">Lastname :</string>
	<string name="return_item_firstname">Name :</string>
	<string name="return_item_order_id">Order id : </string>
	<string name="return_item_date_ordered">Order Date :</string>
	<string name="return_item_product">Product :</string>
	<string name="return_item_email">E-mail :</string>
	<string name="return_item_date_added">Add Date :</string>
	<string name="return_item_return_id">Return id :</string>
	<string name="return_item_action">Action</string>
	<string name="return_item_quantity">Quantity :</string>
	<string name="return_item_comment">Comment :</string>
	<string name="return_item_telephone">Telephone :</string>
	<string name="return_item_opened">Opened? :</string>
	
	<string name="push_subscribe">Receive new push notification</string>
	<string name="setting_save">Save</string>
	<string name="setting_default">Default</string>
	<string name="setting_saved">Changes saved successfully</string>
	
	<string name="hour">Hour :</string>
	<string name="minute">Minute :</string>
	<string name="second">Second :</string>
	
	<string name="choose_one">Please choose item</string>
	<string name="more">Read more</string>
	
	<string name="inapp_buy">Inapp mobile purchase</string>
	<string name="call_us">Call us</string>
	
</resources>