<?xml version="1.0" encoding="utf-8"?>
<resources>
	<string name="direction">21</string>
	<string name="direction_ios">2</string>
	<string name="loading">در حال بارگذاری...</string>
	<string name="apply">در حال اعمال تغییرات...</string>
	<string name="error_net_title">خطا در اتصال به شبکه...</string>
	<string name="btnsetting">تنظیمات</string>
	<string name="btnretry">تلاش مجدد</string>
	<string name="error_again_net">شبکه اینترنت هنوز غیر فعال است</string>
	<string name="return_category">دسته بندی قبلی</string>
	<string name="search_title">جستجوی کالا</string>
	<string name="ratetitle">امتیاز محصول</string>
	<string name="statetitle">وضعیت :</string>
	<string name="producertitle">تولید کننده :</string>
	<string name="datetitle">تاریخ انتشار :</string>
	<string name="modeltitle">مدل محصول :</string>
	<string name="visitcount">تعداد مراجعه :</string>
	<string name="review">نظر بدهید [0]</string>
	<string name="share">اشتراک گذاری</string>
	<string name="share_all">اشتراک گذاری (بدون نیاز به اپلیکشن)</string>
	<string name="share_inapp">اشتراک گذاری (در صورتی که دوستتان این اپلیکشن را نصب دارد)</string>
	<string name="add_bookmark">تغییرات با موفقیت انجام شد</string>
	<string name="remove_bookmark">تغییرات با موفقیت انجام شد</string>
	<string name="add2cart">کالا به سبد خرید اضافه شد</string>
	<string name="cart">سبد خرید</string>
	<string name="delete_item_cart">کالای مورد نظر حذف شد</string>
	<string name="clear_cart">سبد خرید خالی شد</string>
	<string name="update_cart_count">تعداد کالای مورد نظر با موفقیت اصلاح شد</string>
	
	<string name="home">خانه</string>
	<string name="bookmark">لیست دلخواه</string>
	<string name="register">ثبت نام کاربر</string>
	<string name="login">ورود کاربر</string>
	<string name="featureproduct">داغ ترین ها</string>
	<string name="newproduct">جدیدترین ها</string>
	<string name="bestproduct">پرفروش ترین ها</string>
	<string name="category">دسته بندی ها</string>
	<string name="contact">ارتباط با ما</string>
	<string name="about">مشخصات فروشگاه</string>
	<string name="setting">تنظیمات</string>
	<string name="exit_app">خارج شوید</string>
	<string name="no_bookmark">لیست دلخواه شما خالی است</string>
	
	<string name="tname">لطفا نام خود را کامل وارد کنید :</string>
	<string name="trate">چه رتبه ای به کالا میدهید؟</string>
	<string name="ttext">لطفا متن پیام را وارد کنید :</string>
	<string name="send">ارسال نظر</string>
	<string name="reviews">نظرات</string>
	<string name="error_data">لطفا گزینه ها را درست وارد کنید\nمتن پیام حداقل 25 حرفی باید باشد</string>
	<string name="success_send">پیام شما با موفقیت ارسال شد</string>
	
	<string name="setting_title">تنظیمات</string>
	<string name="setting_summary">تنظیمات مربوط به اپ</string>
	<string name="setting_currency">ارز-واحد پول</string>
	<string name="setting_currency_summary">واحد پول فروشگاه را انتخاب کنید</string>
	<string name="cache_image_title">جلوگیری از کش کردن تصاویر</string>
	<string name="language">زبان اپ</string>
	<string name="language_summary">تعین زبان نمایش محصولات و اپ</string>
	
	<!--new vaiable-->
	<string name="error_net_details">لطفا اینترنت را فعال کنید</string>
	<string name="email">لطفا آدرس الکترونیکی را وارد کنید :</string>
	<string name="basket_title">سبد خرید شما</string>
	<string name="basket_total">مجموع کل خرید :</string>
	<string name="btnclear">حذف سبد</string>
	<string name="btnpayment">نهایی کردن</string>
	<string name="cleared">سبد خرید خالی شد</string>
	<string name="cart_product_count">تعداد کالا</string>
	<string name="update_count_item">سبد خرید با موفقیت بروز رسانی شد</string>
	<string name="question_delete_cart">آیا واقعا مایل به حذف این کالا از سبد هستید؟</string>
	<string name="deleted_item">کالای مورد نظر از سبد حذف شد</string>
	<string name="alert">توجه</string>
	<string name="yes">آری</string>
	<string name="no">خیر</string>
	
	<string name="password_title">صورتی که مایل هستید رمز عبور حساب کاربری خود را عوض کنید، رمز جدید را وارد کنید</string>
	<string name="password">رمز عبور را وارد کنید :</string>
	<string name="phone">تلفن تماس را وارد کنید :</string>
	<string name="postal">کد پستی را وارد کنید :</string>
	<string name="address1">آدرس را کامل وارد کنید :</string>
	<string name="address2">آدرس دوم را وارد کنید :</string>
	<string name="state">استان را انتخاب کنید : </string>
	<string name="city">نام شهر را وارد کنید : </string>
	<string name="lastname">نام خانوادگی را وارد کنید :</string>
	<string name="success_register">ثبت نام با موفقیت انجام شد</string>
	<string name="register_newsletter">میخوام در خبرنامه عضو شوم</string>
	<string name="login_success">شما با موفقیت وارد حساب کاربری خود شدید</string>
	
	<string name="error_email">لطفا آدرس الکترونیکی را درست وارد کنید</string>
	<string name="error_firstname">لطفا اطلاعات نام را درست وارد کنید</string>
	<string name="error_postcode">لطفا کد پستی را درست وارد کنید</string>
	<string name="error_telephone">لطفا شماره تماس را درست وارد کنید</string>
	<string name="error_password">لطفا رمز عبور را درست وارد کنید</string>
	<string name="error_address_1">لطفا آدرس را درست وارد کنید</string>
	<string name="error_city">لطفا شهر خود را وارد کنید</string>
	<string name="fax">موبایل خود را وارد کنید :</string>
	<string name="no_cart">سبد خرید خالی میباشد</string>
	<string name="account">حساب کاربری</string>
	<string name="already_login">در حال حاضر شما در حساب کاربری هستید و نمیتوانید ثبت نام کنید</string>
	<string name="register_success">شما با موفقیت در فروشگاه عضو شدید</string>
	<string name="logout">خروج از حساب کاربری</string>
	<string name="success_logout">شما با موفقیت از حساب کاربری خود خارج شدید</string>
	<string name="forgot">رمز عبور خود را فراموش کرده ام؟</string>
	<string name="send_forgot">رمز عبور جدید به آدرس الکترونیکی شما ارسال شد</string>
	<string name="recover_pass">بازیابی رمز عبور</string>
	<string name="send_pass">بفرست</string>
	<string name="login_force">برای استفاده کامل از برنامه باید وارد حساب خود شوید</string>
	<string name="add_coupon">کوپن مورد نظر تایید و اعمال شد</string>
	<string name="coupons">کپن های اعمال شده</string>
	<string name="no_coupon">کد وارد شده در فروشگاه وجود ندارد</string>
	<string name="add_reward">امتیاز وارد شده تایید و اعمال شد</string>
	<string name="rewards">امتیاز های اعمال شده</string>
	<string name="vouchers">هزینه های اعمال شده</string>
	<string name="country">کشور را انتخاب کنید : </string>
	<string name="payment">اتمام خرید</string>
	<string name="finish">نهایی کنید</string>
	<string name="preview_finish">پیش نمایش</string>
	<string name="user_choose">کاربری را جهت اطلاعات انتخاب کنید</string>
	<string name="guest">کاربر مهمان</string>
	<string name="ship_title">نوع حمل و نقل</string>
	<string name="cancel">انصراف</string>
	<string name="ok">تایید</string>
	<string name="new_coupon">اعمال کپن</string>
	<string name="enter_coupon">کد کپن را وارد کنید</string>
	<string name="noadd2cart">این محصول امکان اضافه به سبد را ندارد</string>
	<string name="payment_title">نوع پرداخت وجه</string>
	<string name="success_payment">خرید شما با موفقیت انجام شد</string>
	<string name="error_payment">خرید شما با شکست مواجه شد.دوباره تلاش کنید</string>
	
	<string name="lblname">نام :</string>
	<string name="lblfamily">نام خانوادگی :</string>
	<string name="lblemail">آدرس الکترونیکی :</string>
	<string name="lblphone">شماره تماس :</string>
	<string name="lblfax">شماره فکس :</string>
	<string name="lbldate">تاریخ عضویت : 0</string>
	<string name="lblip">آی پی : 0</string>
	<string name="lblpassword">رمز عبور :</string>
	<string name="lblpassword2">رمز عبور را دوباره وارد کنید :</string>
	<string name="save_details">ذخیره مشخصات</string>
	<string name="success_save_details">تغییرات با موفقیت انجام شد</string>
	<string name="error_phone">لطفا شماره تماس را 11 رقمی وارد کنید</string>
	<string name="error_name">لطفا نام و نام خانوادگی را درست وارد کنید</string>
	<string name="details_user">مشخصات</string>
	<string name="my_address">آدرس من</string>
	<string name="new_address">آدرس جدید</string>
	<string name="success_add_address">آدرس جدید با موفقیت ثبت شد</string>
	<string name="delete_address">حذف</string>
	<string name="deleted_address">آدرس مورد نظر حذف شد</string>
	<string name="save_password">ذخیره رمز</string>
	<string name="error_ships_select">خطا : لطفا نوع حمل و نقل را انتخاب کنید</string>
	<string name="error_payment_select">خطا : لطفا نوع پرداخت را انتخاب کنید</string>
	<string name="error_password2">خطا : رمز عبور وارد شده یکسان نیستند</string>
	
	<string name="author">نویسنده :</string>
	<string name="date_review">تاریخ نظر :</string>
	<string name="body_review">نظر کاربر :</string>
	<string name="relat_product">محصولات مرتبط</string>
	<string name="picture">تصویر</string>
	
	<string name="shop_email">ایمیل : </string>
	<string name="shop_owner">مالکیت : </string>
	<string name="shop_address">آدرس : </string>
	<string name="no_comment">توضیحات ندارد</string>
	<string name="shop_list">فروشگاه های ما</string>
	<string name="default_shop">فروشگاه انتخاب شده به عنوان پیش فرض فعال شد</string>
	<string name="order_title">سفارش ها</string>
	<string name="order_comment">لطفا توضیحات سفارش خود را وارد کنید</string>
	<string name="order_id">به شماره 0</string>
	<string name="order_state">وضعیت سفارش : </string>
	<string name="order_details">جزییات</string>
	
	<string name="lblordershop_name">از فروشگاه 0</string>
	<string name="lblorderreceiver_title">مشخصات گیرنده :</string>
	<string name="lblorderreceiver_name">گیرنده : 0</string>
	<string name="lblordercountry">کشور : 0</string>
	<string name="lblordercity">شهر : 0</string>
	<string name="lblorderaddress">آدرس : 0</string>
	<string name="lblorderpostal">کد پستی : 0</string>
	<string name="lblorderphone">تلفن : 0</string>
	<string name="lblorderpayment_ship_type">نحوه پرداخت و حمل نقل :</string>
	<string name="lblorder_payment_type_title">روش پرداخت :</string>
	<string name="lblpayment_address_title">آدرس پرداخت :</string>
	<string name="lblordership_type_title">نوع حمل و نقل :</string>
	<string name="lblship_address_title">آدرس تحویل سفارش :</string>
	
	<string name="attribute">مشخصات فنی</string>
	<string name="options">گزینه ها</string>
	<string name="date_title">تاریخ</string>
	<string name="time_title">زمان</string>
	<string name="date_enter">تاریخ را وارد کنید</string>
	<string name="year">سال : </string>
	<string name="month">ماه : </string>
	<string name="day">روز : </string>
	<string name="time_enter">زمان وارد کنید</string>
	<string name="timedate_enter">تاریخ و زمان را انتخاب کنید</string>
	<string name="timedate_title">تاریخ و زمان</string>
	<string name="choosen_address">آدرس انتخاب شده به عنوان آدرس پیش فرض خرید ها انتخاب شد</string>
	<string name="add2cartbtn">اضافه به سبد</string>
	<string name="request_state_1"> [ اجباری ]</string>
	<string name="request_state_0">[ اختیاری ]</string>
	<string name="edit">ویرایش</string>
	<string name="manufacture">تولید کنندگان</string>
	<string name="cannot_add_cart">این محصول نیاز به گزینه های الزامی سبد خرید میباشد</string>
	
	<string name="tax">مالیات : </string>
	<string name="total">کل هزینه : </string>
	<string name="ship">هزینه حمل و نقل : </string>
	<string name="subtotal">زیر مجموع : </string>
	<string name="arzesh_afzodeh">ارزش افزوده : </string>
	<string name="continues">ادامه</string>
	
	<string name="choose_address">لطفا برای انجام عملیات بر روی آدرس مورد نظر کلیک  کنید</string>
	<string name="default_address">پیش فرض</string>
	<string name="history">تاریخچه سفارش</string>
	
	<string name="enter_voucher">کد هدیه را وارد کنید</string>
	<string name="new_voucher">اعمال هدیه</string>
	<string name="add_voucher">کارت هدیه تایید و به سبد اضافه شد</string>
	<string name="no_voucher">کارت هدیه با این عنوان وجود ندارد</string>
	
	<string name="users">کاربران</string>
	<string name="shops">فروشگاه</string>
	<string name="contact_shop">تماس با ما</string>
	<string name="shop_inf">اطلاعات فروشگاه</string>
	<string name="back">برگشت</string>
	<string name="no_product">این محصول در انبار موجود نیست</string>
	<string name="no_stock">موجود نیست</string>
	<string name="yes_stock">موجود است</string>
	
	<string name="filter_button">فیلتر کردن</string>
	<string name="filter_sort_item">مرتب سازی با :</string>
	<string name="filter_sort_type">نوع مرتب سازی :</string>
	<string name="filter_desc">نزولی</string>
	<string name="filter_asc">صعودی</string>
	<string name="filter_choose_field">فیلد را انتخاب کنید :</string>
	<string name="filter_comapre">شرط مقایسه ای فیلتر :</string>
	<string name="filter_logic">شرط منطقی فیلتر :</string>
	<string name="filter_val">مقدار را وارد کنید :</string>
	<string name="filter_search">جستجو</string>
	<string name="filter_error_val">لطفا مقدار فیلتر را وارد کنید</string>
	<string name="filter_error_cond">لطفا یکی از شرط ها را انتخاب کنید</string>
	<string name="filter_advance">جستجوی پیشرفته</string>
	<string name="filter_simple">جستجوی معمولی</string>
	<string name="filter_add">اضافه کردن شرط</string>
	<string name="filter_show_field">نام فیلد : </string>
	<string name="filter_show_operand">عملوند شرطی : </string>
	<string name="filter_show_val">مقدار شرط :</string>
	<string name="no_filter">برای جستجو حداقل یک شرط باید اضافه کنید</string>
	
	<string name="update">بروز رسانی</string>
	<string name="update_text">نسخه جدید اپ منتشر شده است\nآن را دانلود کنید</string>
	<string name="success_update">نسخه جدید با موفقیت دانلود و در حافظه خارجی شما قرار گرفت\nبرای نصب فایل را باز کنید</string>
	
	<string name="help">راهنمای اپ</string>
	<string name="help_basket">سبد خرید خود را از این قسمت مشاهده کنید</string>
	<string name="help_search">در این قسمت محصول مورد نظر را جستجو یا فیلتر کنید</string>
	<string name="help_menu">منوی اپ شامل دسترسی های سریع و قابلیت های پیشرفته میباشد</string>
	<string name="help_category">دسته بندی های فروشگاه با انتخاب این گزینه نمایش داده میشود</string>
	<string name="help_manufacture">با کلیک بر روی تولیدکنندگان،لیست محصولات مرتبط نمایش داده میشود</string>
	<string name="help_add_basket">این گزینه محصول را به سبد خرید اضافه خواهد کرد</string>
	<string name="help_share">محصول را بین دوستان توسط برنامه های دیگر به اشتراک بگذارید</string>
	<string name="help_bookmark">محصول خود را نشان گذاری کنید تا به لیست دلخواه اضافه بشود</string>
	<string name="help_barcode">آدرس محصول را به بارکد تبدیل کنید</string>
	<string name="help_review">نظرات کاربران را ببینید و نظر بدهید</string>
	<string name="help_attribute">مشخصات فنی محصول را از این قسمت ببینید</string>
	<string name="help_factor_print">از این قسمت فاکتور سفارش خود را ثبت کنید</string>
	<string name="okay">باشه</string>
	
	<string name="filter_field_category">دسته بندی</string>
	<string name="filter_field_quantity">تعداد</string>
	<string name="filter_field_model">مدل</string>
	<string name="filter_field_upc">یو پی سی</string>
	<string name="filter_field_name">عنوان</string>
	<string name="filter_field_date_start">تاریخ شروع</string>
	<string name="filter_field_date_end">تاریخ پایان</string>
	<string name="filter_field_product_id">کد محصول</string>
	<string name="filter_field_price">قیمت</string>
	<string name="filter_field_stock_status">وضعیت</string>
	<string name="filter_field_manufacturer">تولیدکننده</string>
	<string name="filter_field_filter_text">متن فیلتر</string>
	<string name="filter_field_rating">ستاره بندی</string>
	<string name="filter_field_date_added">تاریخ اضافه</string>
	<string name="filter_field_sort_order">مرتب سازی سفارش</string>
	<string name="no_exist_product">هیچ محصولی پیدا نشد</string>
	<string name="request_register">ثبت نام در</string>
	<string name="request_login">ورود به فروشگاه</string>
	<string name="reuquest_guest">تسویه حساب به صورت میهمان</string>
	<string name="no_attribute">برای این محصول مشخصات فنی وجود ندارد</string>
	<string name="update_checksum">با توجه به تغییرات اخیر فروشگاه،اطلاعات اپ نیز بروز شد</string>
	
	<string name="special_wonderful">پیشنهاد {r}شگفت انگیز{r}</string>
	<string name="send_sms">ارسال پیامک درخواست ثبت سفارش</string>
	<string name="send_order">سفارش شما با موفقیت ارسال شد</string>
	<string name="deliver_sms">سفارش شما تحویل مدیریت فروشگاه داده شد\nبا شما تماس گرفته خواهد شد</string>
	<string name="sure_send_sms">آیا مایلید سفارش زیر را به مدیریت فروشگاه ارسال کنید؟</string>
	<string name="adad">عدد</string>
	<string name="sms_order_comment">توضیحات سفارش</string>
	<string name="send_request">ارسال درخواست</string>
	<string name="sms_contact">تماس با پشتیبانی فروشگاه</string>
	<string name="sms_help">شما با زدن دکمه ارسال درخواست سفارش یک پیامک به واحد فروش ارسال خواهید کرد که از اعتبار شما کسر شده و به شماره  واحد فروش ارسال می شود. کارشناسان در اسرع وقت نسبت به تکمیل سفارش با شما تماس خواهند گرفت</string>
	<string name="sms_name">نام و نام خانواگی</string>
	<string name="again_update">بروز رسانی دوباره</string>
	<string name="my_product">محصولات من</string>
	
	<string name="shop_disable">فروشگاه در حال حاضر در دسترس نیست.\nلطفا بعدا تلاش کنید</string>
	<string name="no_valid_cart">سبد خرید شما معتبر نیست.ممکن است محصولی که در انبار موجود نیست در سبد خرید شما باشد</string>
	<string name="share_app">ارسال اپ به دوستان</string>
	<string name="close_product_page">بستن این صفحه</string>
	<string name="google_voice">لطفا دستور دهید</string>
	
	<string name="subscribe">عضویت در خبرنامه</string>
	<string name="unsubscribe">لغو عضویت در خبرنامه</string>
	<string name="subscribe_success">شما با موفقیت عضو خبرنامه شدید</string>
	<string name="unsubscribe_success">عضویت شما در خبرنامه لغو شد</string>
	<string name="scribe_state_0">شما در حال حاضر عضو خبرنامه نیستید</string>
	<string name="scribe_state_1">شما در حال حاضر عضو خبرنامه هستید</string>
	<string name="scribe_change_state">تغییر وضعیت</string>
	
	<string name="return_reason">دلیل برگشت کالا :</string>
	<string name="return_opened">آیا کالا باز شده است؟</string>
	<string name="return_opened_yes">آری</string>
	<string name="return_opened_no">خیر</string>
	<string name="return_comment">توضیحات بیشتر :</string>
	<string name="return_title">برگشت کالا</string>
	<string name="return_button">برگشت دادن</string>
	<string name="return_success">کالای مورد نظر برگشت داده شد</string>
	<string name="return_from">در تاریخ 0 به نام 1</string>
	<string name="return_state">کد 0 در وضعیت 1</string>
	<string name="return_menu_profile">پروفایل</string>
	<string name="return_menu_pass">رمز عبور</string>
	<string name="return_menu_orders">سفارش ها</string>
	<string name="return_menu_address">آدرس ها</string>
	<string name="return_menu_new_address">آدرس جدید</string>
	<string name="return_menu_news">خبرنامه</string>
	<string name="return_menu_returns">برگشتی ها</string>
	
	<string name="return_item_model">مدل : </string>
	<string name="return_item_reason">دلیل برگشت :</string>
	<string name="return_item_lastname">نام خانوادگی :</string>
	<string name="return_item_firstname">نام :</string>
	<string name="return_item_order_id">شماره سفارش : </string>
	<string name="return_item_date_ordered">تاریخ سفارش :</string>
	<string name="return_item_product">محصول :</string>
	<string name="return_item_email">آدرس الکترونیکی :</string>
	<string name="return_item_date_added">تاریخ اضافه شدن :</string>
	<string name="return_item_return_id">شماره برگشت :</string>
	<string name="return_item_action">عملیات</string>
	<string name="return_item_quantity">تعداد برگشتی :</string>
	<string name="return_item_comment">توضیحات :</string>
	<string name="return_item_telephone">شماره تماس :</string>
	<string name="return_item_opened">باز شده است؟</string>
	
	<string name="push_subscribe">دریافت خبرنامه از فروشگاه</string>
	<string name="setting_save">ذخیره</string>
	<string name="setting_default">پیش فرض</string>
	<string name="setting_saved">تغییرات با موفقیت ذخیره شد</string>
	
	<string name="hour">ساعت :</string>
	<string name="minute">دقیقه :</string>
	<string name="second">ثانیه :</string>
	
	<string name="choose_one">گزینه دلخواه را انتخاب کنید</string>
	<string name="more">بیشتر بخوانید</string>
	
	<string name="inapp_buy">خرید از طریق اپ موبایل</string>
	<string name="call_us">تماس بگیرید</string>
	
</resources>